TokenId,preco,volume,indicador1,indicador2,sentimento,classe
1,10.88218945064797,8829,0.18939206546791204,-0.7670526105799004,-1,1
2,99.03317487366415,4563,0.8463995767139002,-0.6468453462799258,-1,1
3,27.39991435358188,3278,-0.5007587927542521,1.2306143932527174,-1,0
4,92.85999187435714,8094,-0.5849929715994026,-1.1353006152479161,1,0
5,98.63669525811987,2302,0.7678067719853114,1.5730592027338828,1,1
6,98.20886001152567,9941,-0.518847375257557,-1.0666076393547759,-1,0
7,26.228624542085804,4965,-0.614630154967933,2.194476777310994,-1,0
8,94.70104434856478,4480,-0.43235443720177374,-1.2114259722209046,-1,0
9,59.82972438828056,9461,2.2716163371111517,-0.2436743208958049,1,1
10,87.84026437968997,1272,-0.4109274949169874,0.4057877416957999,-1,0
11,74.60796016193756,3630,-1.5959197892753503,-1.5435181405257563,1,0
12,33.38779181776074,8114,0.8882551604603725,1.9114319709202092,1,1
13,25.240126373668808,9035,-0.9581350551341312,-1.220162857171284,-1,0
14,92.87319740931399,8174,0.33748577372793337,0.04896419962838432,1,1
15,53.952413884860874,7048,1.4250700998860293,-0.08280155324378675,1,1
16,2.930408296872799,6897,0.3507816385618214,0.7806682918840726,1,1
17,19.640208964935226,6246,0.6525283247562613,0.46110999322381924,1,1
18,35.948239705898786,2896,0.7405461355432937,0.1139337747205802,1,1
19,21.063366553017502,6511,0.25868065400581436,-0.20715826277563967,-1,1
20,47.25209026477394,9161,0.934656070949791,-1.8552441711337764,-1,1
21,42.939041778777394,2806,-0.5458922533696503,-1.1164033419614805,1,0
22,92.79821849797624,7846,-0.18116763122824664,0.18318733998073325,1,0
23,24.377354840081203,9110,0.25936684015571515,-0.28735294154884355,-1,1
24,63.28361361217883,1548,-1.0791457838716498,-0.1404073062037329,1,0
25,92.4153031475321,2737,0.11600551298011108,1.2796950752139469,1,0
26,9.273909554224648,7952,-1.0547913507128643,0.5675351648602798,-1,0
27,90.16593962691094,4083,0.7050276835780392,-2.1522624649304394,-1,1
28,44.99178686777104,2804,0.16775398078936662,1.1728132362932517,1,1
29,94.99179258001375,7462,0.6800456871186609,0.5439599330185986,-1,1
30,56.21818573416342,2175,0.721275723250475,0.5090324079318156,-1,1
31,49.176451701626895,6991,0.21721787015721672,-2.1567743338975287,-1,1
32,15.298184628613408,5793,0.07317525537080292,-2.123284801450424,1,0
33,55.98696663363433,1271,0.4795870308679707,0.9309338928742604,1,1
34,70.76898989979819,4535,-0.9851251273227386,1.748628269902995,-1,0
35,52.2057540995449,8704,-0.3336520903235548,-0.30945629155044957,1,0
36,15.115316812532955,3068,-0.674046861836698,-1.9130228084502012,1,0
37,4.951851732043129,7496,-0.2396023360326189,0.48563923487629634,-1,0
38,91.00179798552877,2247,1.4821253353656971,1.1658943484728264,-1,1
39,47.60154091298849,2235,0.3369736918453882,-0.4895513629823012,1,1
40,52.601649334744714,9952,1.980016626328058,1.6062508648274096,1,1
41,40.69881820973307,1755,0.5469474163051136,0.36808135259957236,1,1
42,14.80216273767134,4492,-0.7069888039736946,0.4196975252844189,-1,0
43,52.75763659468302,6548,0.429022428467926,0.9572745845994256,-1,1
44,52.71331087703523,6798,0.9614982024833885,0.7757336371610855,1,1
45,96.65583593275647,4667,0.8097361646385182,-1.1308990946882502,-1,1
46,93.18088663849166,1454,-0.054669035156951755,1.1409873893479305,-1,0
47,74.37182273303787,8782,-0.003959286155094663,0.8332119110459091,1,0
48,33.095175276522305,8605,1.1830762736047227,0.6960632334109423,-1,1
49,26.849056408321452,1740,0.5920138677901327,-0.06010653640445896,1,1
50,18.986354247064806,3970,-0.28535531441833206,0.6479834134143638,-1,0
51,62.23357487178739,6829,0.6077125517144737,1.1796188977848416,1,1
52,41.06130284084431,3892,-1.1385830777610566,-0.8761955035147516,1,0
53,11.235501106630865,7121,1.0845225153854043,1.4444352123137465,1,1
54,59.22555143554353,7540,1.3694091857797033,2.5556148039122335,-1,1
55,74.91512025257093,9150,1.2961688841938421,0.36394123172860293,-1,1
56,80.12558415987033,2822,1.170674131664681,0.41354693712020757,-1,1
57,28.91278819308393,5845,1.625696836291908,0.2135341876289757,1,1
58,24.585972033312885,7959,0.9923877283357757,1.4898483499027424,1,1
59,74.63203967071755,3666,-0.1117365966708512,-1.409910826798828,-1,0
60,47.05135781161378,3353,0.08785851170941161,-0.7347626557367423,-1,0
61,26.0456977268052,3779,-0.09372909637691,0.9214100660493136,1,0
62,28.285154310084526,1438,-0.39199994594006576,-1.5284858089848694,-1,0
63,67.58268796573462,6322,0.4672918094258734,-0.47910491685159845,1,1
64,40.1735200559633,1706,-0.013727979303142809,-0.6447116721845538,-1,0
65,12.681135516766387,7049,0.25087959057625026,-0.5284807201928888,-1,1
66,43.330538138444865,5059,0.51430597259732,-0.4228515116793434,1,1
67,66.4196512507026,9171,1.0364830255563764,-1.5527599238260148,1,1
68,36.587746822368445,5937,0.32333727173751337,-0.7782212897150611,1,1
69,32.40510953690418,1996,-0.3122259807669236,1.1572006076887402,1,0
70,58.14028445397714,1378,-0.3855191991046366,0.42699518190833136,1,0
71,59.7701499872819,2522,1.2517395590807243,-0.1541485310662945,1,1
72,29.226324365045297,1712,-0.6976864281946484,1.5719046135355896,-1,0
73,9.05103589179118,3051,0.1185393007013995,0.7963518437788186,-1,0
74,79.39388563220739,2682,-0.2911224691592403,1.41040594517582,-1,0
75,81.60832426709575,7508,0.4531063494045563,-1.1687814201124311,-1,1
76,76.14228712188996,7025,1.6869778073622863,-1.487582417785301,1,1
77,87.59418573021534,6747,0.20773992141347764,-1.673322157335452,1,1
78,22.266473341446858,3567,-1.235522414734919,1.5146585587051253,-1,0
79,64.90536039092764,9788,-1.949985702758351,0.962854720781547,-1,0
80,65.1605513213328,7277,0.6086787530867727,-0.8547745712558,1,1
81,53.854943219382925,9024,-0.20237740281606176,-1.567983230484357,-1,0
82,86.8515668877879,3514,0.1566173722348118,-1.1352184807164194,1,1
83,79.64862592823944,8749,-1.0069541091150522,0.921628039488084,-1,0
84,38.41261674037848,9668,-1.3887715451930909,-0.2879345773504575,-1,0
85,4.774800572629643,1197,0.5561577693532176,-0.9708103865810739,1,1
86,49.05623764900267,2927,-0.36707400509869387,-1.3926605119874989,1,0
87,76.52095994340682,5287,2.5766791732704353,0.0024746402250656824,-1,1
88,36.24729167958715,6688,-0.4593793057321417,-0.43861341350508853,1,0
89,68.51629852448492,3978,0.007758010645412149,0.7112533123378703,-1,0
90,27.219672303764135,5505,-0.12725944408180104,-0.1149040734441071,-1,0
91,52.05712564508019,9009,-1.2220339971173821,-1.4256351113079782,1,0
92,77.14767110337684,7405,0.05902156306917649,0.6054901478224842,-1,1
93,66.1040445224686,5703,-0.09866278333930786,1.1230399168365137,-1,0
94,20.51024895514899,5623,0.3590296651019721,0.17419367411204117,-1,1
95,24.24726800223893,1867,0.12510161859688276,0.42541088324282306,1,0
96,10.316028257525046,9654,0.5872299737747376,0.2791354178190199,-1,1
97,35.92573363711257,7722,0.4387742792259326,1.2241049421832622,1,1
98,26.59097794092096,7424,0.9042256077370686,-0.11695187162736284,-1,1
99,74.19198864365127,8764,0.726733896042566,-1.699950521868408,-1,1
100,37.44182518678504,8894,-0.2030142614576007,-1.2552603326749345,-1,0
101,59.26713010536467,4724,-0.7631574737439382,0.10274023002785886,1,0
102,71.1486442914503,6649,0.8253876509118924,0.9618306116568686,-1,1
103,35.18367764728128,8234,-0.11689639128303572,0.25175243821555016,-1,0
104,28.858531819303227,7554,-0.1069233591490717,0.5377681159046455,1,0
105,70.23728858588414,1565,0.22251799470431907,0.6404073395823294,-1,0
106,14.73533292862249,7283,2.2282941609042806,-0.8580793922253594,1,1
107,6.68996683341263,2878,-1.7023728623857968,-1.4101831691479432,-1,0
108,34.79278063412158,3459,-2.016890075023475,-0.28043558168531385,-1,0
109,29.40021241503441,4485,1.0906121341229686,-0.8850392247276344,1,1
110,9.34120118060661,1578,-1.4129919623121705,-1.0084140743380337,1,0
111,41.27016764333081,9676,1.6311841826739628,0.24623657350600686,1,1
112,9.21252911963305,6911,0.25978259943494625,0.41526907553984294,-1,1
113,18.941877509530936,3654,0.04403446717791739,-3.004132571162916,-1,0
114,28.509634348973147,8624,-1.8512809072356797,-1.1215716087894805,1,0
115,18.621494163187524,4173,-1.0880026883879312,0.34772926770138335,-1,0
116,27.66888446913729,8198,1.103363896319989,0.574596134244792,-1,1
117,96.42560559690389,8940,1.4861397706942068,-0.1665748066258599,-1,1
118,18.31433182401362,9393,1.4884431014855624,0.01857912972717584,-1,1
119,71.05204922740468,8152,-0.7072037810365065,1.5826974453208371,1,0
120,29.204820563652614,7581,-0.09132258091445425,1.3372785182092926,-1,0
121,14.947844487437491,3346,-0.3820544554177733,-0.5344111071616294,-1,0
122,77.54158646967139,6119,1.1794304482448155,-1.0285972169641708,-1,1
123,91.1464617361914,3502,-0.18724686944340513,-0.22343705607282402,-1,0
124,64.97342359616576,7018,-0.6857777240854739,0.7645664330668592,1,0
125,65.30093389627378,3242,-1.8549971474180502,0.29275683247754974,1,0
126,60.03398476589457,5483,-2.9324872274962854,0.9863256107232333,1,0
127,59.27206786810599,4426,0.5651955860410081,1.1382334915281664,1,1
128,62.58470497125782,4054,-2.308175731800501,0.522850160130242,-1,0
129,73.46043018365184,8004,-0.060142100519538895,1.3610836439535274,-1,0
130,33.11168831597779,8476,-0.33273510647853843,0.5868931589394231,-1,0
131,6.509210886430054,3260,-0.8871292772977862,-1.3999929402711813,1,0
132,61.17214335851109,9849,1.3568222195548856,-0.5061197404594581,1,1
133,28.837157244748145,1344,-0.5058914545474523,-0.3060423090292814,-1,0
134,89.23416924886494,6550,2.3387699852540766,-0.406101912085697,-1,1
135,82.28199516157643,9863,0.7605844473886717,1.750734306263026,1,1
136,76.80321188972593,9787,-0.9318336986407647,-0.9445219064748186,1,0
137,23.67204949073746,8592,-0.37719233112775313,1.391457172645749,1,0
138,86.87282900741474,8078,1.3146619139096123,0.8881002393770205,1,1
139,62.63571193125475,1536,-1.2286669824857561,0.5838615129735221,-1,0
140,7.938139538204073,6266,-0.9659649414852803,-0.58667580519991,-1,0
141,7.654620895854694,7940,1.3647252772130667,-0.9010076489576364,-1,1
142,17.729895284206258,6477,1.1168547809251104,0.41024616907547745,1,1
143,21.069704127386615,2080,0.05422074371225252,0.8932104455103114,1,0
144,97.40697136258892,3287,-0.9811646654512157,-0.36324025992105935,-1,0
145,12.307722941204965,4857,-0.9415546840493857,0.632127417587803,-1,0
146,88.59405463499316,5963,-0.5334989682275724,-0.4624224403043317,1,0
147,94.45177978936776,5239,-0.014278952827609161,0.9001456664522007,-1,0
148,32.27984624464237,3528,-1.3443300170978727,0.15389037135896333,1,0
149,33.949959400804936,2671,1.1581960170491068,-0.30678428715001044,-1,1
150,9.456904357349039,2517,0.2926674433913631,0.7521885439148636,-1,1
151,57.6913409799518,4693,2.415418397360686,-0.43415856259419394,1,1
152,44.371844331239465,3165,0.18953892951430054,-0.4744670855590002,1,1
153,17.973365686942504,6283,0.26198759585522047,0.3670669038066065,-1,1
154,49.82275517502897,5777,-0.579642343108053,1.0498639833924752,-1,0
155,85.82982400353119,4178,-0.9978056919625345,-0.9694603568429979,1,0
156,75.988903031743,6463,0.3884247354429549,0.06812716147720037,-1,1
157,39.356851871836824,4862,-0.6492620700027429,-0.3592129638323624,-1,0
158,88.15784718614752,5002,0.7781935438029065,-0.8603226014701572,-1,1
159,64.2686433794465,7010,0.1589305101306428,-0.7214153710011336,1,1
160,60.46106674515125,5744,-0.6691898368385965,0.38325197022730123,1,0
161,89.27256291203909,1214,-0.5868285702702499,0.3031134283694173,1,0
162,4.307488989384697,3189,-0.8933968029437845,-1.3786590050205485,1,0
163,43.18767988231503,1451,-0.99213554557486,0.47663938805261047,-1,0
164,83.57037160549294,5394,-1.2961616742787503,0.2811862349332691,-1,0
165,74.08708216596571,8216,1.4312311708095264,0.4416506794712273,1,1
166,55.29560260781623,6749,-0.5899695521406848,-0.38042869021030606,-1,0
167,90.97587732763368,1713,-0.44357451622015626,0.12953961669914796,-1,0
168,17.533904902306183,4025,1.0179383093991603,2.0366262122055137,1,1
169,57.22520768998977,5352,-2.1673561823160363,-0.311733663040944,1,0
170,87.86609281844655,6311,1.2789613904283417,-1.9071193186130606,-1,1
171,80.59226381095411,6504,1.2470608009881865,0.5310970271486679,1,1
172,30.256528419672012,9099,-0.0213621003512745,-0.2849033901764597,1,0
173,17.731811640154163,7991,-0.8734826537721829,1.2217540770765507,1,0
174,93.82681313988294,7448,0.6163569631638866,1.0604359700471813,1,1
175,64.04163420038718,3132,0.6645452978158085,-0.3241704821840521,1,1
176,12.485436855235143,2614,-0.12051734013308911,1.8843301209034002,-1,0
177,72.10450993939766,3677,-1.6738828470762608,0.12303323138923021,1,0
178,35.974198048096454,2390,0.8581431658533409,-1.2231603615586717,1,1
179,47.896780532831926,6492,1.5199292848188952,-0.7243699305201848,1,1
180,66.29790553913121,3898,-1.7091254079056455,0.9790489250650564,1,0
181,55.553916993288226,2779,0.6400498844436818,0.7800592379639743,-1,1
182,43.98097959983634,5569,0.38947319678009606,-0.6490946166109046,1,1
183,57.8747662958874,7400,-0.44872595535338283,1.0243146988887661,-1,0
184,85.10044713295348,5480,0.27823034635711424,0.31474665116408346,1,1
185,42.92236758099079,6283,0.4825379978080407,0.6822868738196696,-1,1
186,31.906659006338504,2875,0.40093494249284967,-1.7472467053489007,-1,1
187,79.45999071086544,1514,-0.9744453303712431,-0.2036838528936167,1,0
188,4.7689654584471475,4043,-0.3500352022194473,-1.2600782112375435,1,0
189,7.186055402724673,2282,0.6389076038159914,-0.5448941005416506,-1,1
190,48.44006132230273,5184,-1.0009520860274173,0.5171403807952423,-1,0
191,18.07160967317423,6776,2.4189942420750414,-1.6931414948109071,1,1
192,86.1389192411793,3313,0.19765447482585635,-0.22665619707635523,1,1
193,92.7963362554808,6997,1.132719318372017,0.5403517126001832,1,1
194,87.62052272646162,6698,1.7628730068785117,-0.5390598631137752,-1,1
195,67.51184463528658,5965,1.0187154888040242,0.2888103824353332,-1,1
196,88.75330030606942,3661,-1.4430853972105657,-1.0505399569745109,1,0
197,90.29060050009203,8558,0.400231690855481,1.1909842596653268,-1,1
198,70.03007778046911,1777,0.5111594242183078,-0.23443160587150147,-1,1
199,23.482840862411237,1656,-0.30732094443855673,-0.9523231265218768,-1,0
200,58.036123290984975,7676,0.3917367294044959,-1.3456019355946958,-1,1
201,23.903102352167227,1057,0.1860107207653027,-0.368585692482178,1,0
202,18.356555582989486,8181,-1.7633920352721915,-0.431665388267119,1,0
203,29.22074183353627,5939,0.2451238551977143,0.9139749607387574,1,1
204,90.82325588479442,7288,-1.3916008618386917,0.2090375625744609,-1,0
205,84.26468572011142,9338,-0.39685849145472707,0.049412870530175006,1,0
206,81.86360979550211,2187,-1.501691542515121,-0.05678326115699186,-1,0
207,89.0133966428585,9991,-0.8136809824821248,0.7000707318084132,1,0
208,82.27658497493339,6853,-0.9903636148893048,0.2569169995670505,-1,0
209,23.669118512006325,9951,-0.39421038064888136,0.4323424135014537,1,0
210,20.786792017640646,3602,-1.0045182866056332,0.519626098316739,1,0
211,35.01160132234764,9674,1.7063665441531952,-0.7749142785371326,-1,1
212,66.79312895234906,1970,-0.39814890284147214,-0.35191183789391284,1,0
213,65.36431751404757,3197,0.971922219608698,0.42457748014333374,1,1
214,57.58146740940248,3379,0.43680364133811855,0.2818116263354013,1,1
215,88.98946318331323,9742,-0.405454973318832,-0.032092784421299626,1,0
216,89.63187050492398,1240,-0.5088194535933998,1.2853642158913092,-1,0
217,96.5570238590757,8191,-0.8042401325855043,-0.3602506905067083,-1,0
218,85.1746286011528,6681,-0.37268018164694217,0.9211457416351923,1,0
219,75.71681439244443,1396,-0.5740729736192373,1.2010890158062764,-1,0
220,83.9002039673375,1585,0.7485494271970661,-0.6443006384270492,-1,1
221,63.711858359424035,3283,-0.7222788426010571,-1.2442386104115981,1,0
222,73.83359767476706,8107,-0.6953458138029536,-0.08196399569989476,1,0
223,56.01859987191514,3722,-0.3387289442437605,0.8102399905034701,1,0
224,77.16648731475819,6463,-0.07638421225394268,0.7209215084899524,1,0
225,95.50920225278297,4427,0.49435697235806025,-2.3396144011768536,1,1
226,91.22331784219605,1052,0.3278716569326952,-1.0987612152668393,1,0
227,17.718714417775526,9268,-1.76694399623389,-1.5398964098463144,-1,0
228,10.149237525486628,3000,1.2283742023020565,-0.014539224863792964,1,1
229,82.80229865139614,5058,-0.13434554651755246,-0.9988756865691161,-1,0
230,34.42412895392935,8324,-0.35656985149546916,-1.2183208937038448,1,0
231,50.23731803119763,4406,1.2707635648842113,0.9685396312454819,1,1
232,44.585247180203964,8464,-0.38829492355546874,0.7628980389338182,1,0
233,64.4568447427586,6452,1.35862004782111,0.37720048262038236,1,1
234,72.64744892948922,4228,0.3778354101221568,0.25750518241703596,1,1
235,22.72799266380337,5979,-0.22205830695281747,0.21382707394185488,-1,0
236,43.06316979626981,9168,0.8510717821288086,1.995903656005435,1,1
237,96.89310280725134,2528,-1.0785866801603965,1.16686010111612,1,0
238,54.878340551800264,7363,-0.9661370765612451,0.1575725715829789,1,0
239,20.398351146186524,7116,-1.0567410274860285,0.3963155306744551,-1,0
240,24.149543729957443,7134,0.9135226837159236,-0.0958211854157932,1,1
241,46.130878682488614,3998,-0.7135462800796774,-0.2752190412591047,-1,0
242,12.772240517315353,1331,-1.8370197273719815,0.21141558791089815,-1,0
243,61.59417952382467,9645,1.0188078776271254,-0.3480045689694602,-1,1
244,31.955974805310518,4274,-0.5751800268299347,-0.8237213799947164,1,0
245,73.62169441005072,5862,-0.813468426811031,0.012004413344009035,1,0
246,13.389119455876209,6388,-1.918690972287833,0.896994495558782,-1,0
247,41.73513833382995,5334,1.3390170752022044,0.9476319531225795,1,1
248,7.626013430691282,4999,0.3522724269036652,-1.1501042471892726,-1,1
249,68.91704985112766,6177,1.2832743563429863,1.354592838527319,1,1
250,73.44963961323508,6521,-0.17113975707443752,-0.5106670078503817,-1,0
251,45.19330966548877,4377,-0.2728528372914321,1.2419961103848165,-1,0
252,43.81573150996392,3861,0.4313767099800438,0.0014820100966842912,-1,1
253,88.22819534082942,4899,-0.6051966301203058,0.266985940963284,1,0
254,28.462015621238642,7043,1.066235914285741,0.016464203597125786,1,1
255,90.59208830589027,7507,0.03074059265035086,-0.838257550307521,-1,0
256,16.418968466029973,4602,1.3521784844583487,0.3922319076331253,-1,1
257,38.03415835382278,4086,0.3832555238909031,0.02894199744678729,1,1
258,98.53136936850085,1919,1.5489851360515252,0.19714427100413562,1,1
259,65.67523293317683,6239,1.9087165551150536,0.021165125074421594,1,1
260,47.95542748068218,5568,0.5789368890196385,2.0517681328124473,1,1
261,4.618702861093018,8814,-0.1559704951672957,1.1217567599783151,-1,0
262,98.7265953047476,5735,-0.7961853912653108,-1.2550164068234864,-1,0
263,27.634473511729013,7548,0.08185616228689632,-0.14498428214700534,1,1
264,11.247696128040442,3208,-1.5012007844629496,-0.24423076411833133,-1,0
265,81.62511059018607,4566,1.3905815298607132,-1.761475143718728,-1,1
266,38.00127620085803,9061,-2.1709929907018695,0.1752876549812815,1,0
267,58.81679193186538,9937,0.834748122187204,-0.976351219263432,-1,1
268,37.68822388134062,3191,-0.5291351611541276,-0.21957083776794184,-1,0
269,24.456343011163707,8612,2.1630065150743465,-1.0216974396239045,-1,1
270,98.73129050846163,2349,0.5512284122704828,-0.40621026228953383,1,1
271,73.60087510028079,9849,1.5295744387773944,1.379483573126755,1,1
272,25.667579690317456,5557,0.4059270947285891,-0.0964770095550942,-1,1
273,4.828114315798695,5489,-1.007673233991707,0.19644250394212362,1,0
274,57.00956461600099,4074,-0.5946076658031083,0.536604538962702,1,0
275,40.03745677205256,8231,-0.34588204168173287,-0.037457376814806945,1,0
276,98.4420074963858,7849,-1.098932231993501,2.251923759341575,1,0
277,90.25675643407483,4424,1.0904300765372879,0.18368485739513402,-1,1
278,81.17579080899803,1728,-0.6166125436033721,-0.289842246562508,-1,0
279,73.54161350649017,3103,0.47316166887156824,-1.1840716553405355,1,1
280,69.00478758885956,5194,0.7475213484534166,0.5900565245590181,-1,1
281,48.6482742607959,3667,-1.0099798973414513,-0.0213355606605065,1,0
282,6.157731103922364,3521,-0.7187071298765453,0.08721767612898505,-1,0
283,2.674486645027665,4820,0.5067375890763468,-0.03527111619680383,-1,1
284,33.67336344523017,1918,-0.0172892440063806,-1.4466328329924953,-1,0
285,22.79552417076147,4522,1.0374894431836104,0.3893073483928293,-1,1
286,76.32892969032375,4946,0.6636764955355506,-0.2490736271809896,-1,1
287,40.54877919146356,9050,-0.6345575209276967,0.11828184089327472,-1,0
288,17.543931784168016,8326,-1.2336824202172234,1.046370908064128,1,0
289,29.82607047928053,2527,0.9319232233466552,0.08796165479935406,1,1
290,58.50493863188211,2994,-0.5768410390317039,1.5557076195702797,-1,0
291,72.54249925935734,4903,-0.5940195914015175,-0.3047256243607239,-1,0
292,56.84575139827542,5285,0.7467989818629402,3.3245970847716944,-1,1
293,60.77755617665371,2545,0.05363445837090132,0.9606538154780756,1,0
294,65.95243773847041,1423,-0.3013930703296831,1.2213344680142328,-1,0
295,23.7864555059653,5412,-0.22073225902683263,0.40972201385021134,1,0
296,16.811862843227395,5209,0.24843407889652036,-0.23400020107350233,-1,1
297,69.63398265284363,5274,1.2827047978928858,-0.06408289675362107,-1,1
298,87.59206947922036,1633,0.3222605665850284,0.16038237714837777,-1,1
299,40.43721402333471,5178,1.4823721078037488,0.3135955945836538,1,1
300,83.15240404158098,6327,1.0886115696708365,0.33506956800641907,1,1
301,24.11668850836485,8014,-0.6669905941952543,0.4638570129944962,1,0
302,31.37055892836737,7831,-1.0974562519347595,0.7055096908433498,-1,0
303,34.51056012575605,8015,-0.8072787758495013,-0.19363967431369802,1,0
304,78.94376360240216,7046,-0.2654682841014641,-1.830367746394243,-1,0
305,76.87970511260956,9370,0.07780111586629711,-0.22915972687673333,1,1
306,42.87456381908791,7217,0.7736620870025726,1.3986895025940973,1,1
307,91.00962932453832,5327,-0.7629131681707353,-0.06687665595353771,1,0
308,77.71232157759445,5375,-0.8583213012092409,-2.270023244472078,1,0
309,82.10109954340082,5693,-0.3368551674270092,0.17474770472984102,-1,0
310,38.54074577084548,5061,1.259283792894009,-0.3831725053708736,-1,1
311,75.9859985688651,4686,0.10532696268009605,-2.6050127012602373,1,1
312,80.36525660527636,3755,-0.512164551527016,0.983089183628364,-1,0
313,20.30836322258865,2217,0.6699684234552314,-1.8694415507300435,-1,1
314,88.59115099419677,7723,0.3511454110533182,1.3065825204268446,-1,1
315,45.34824255336538,4687,-0.8258033942848025,0.3060122124209051,1,0
316,19.057322466124642,3429,0.15390276367660624,-0.35367154887130164,1,1
317,18.841696212753682,4151,1.3998142134825016,-2.0019736704802553,-1,1
318,38.9842396634542,5152,1.201373256692491,0.4245001559608516,-1,1
319,43.46353035661111,3698,1.0051562968605623,-0.2760152852245341,-1,1
320,50.5367817013759,8392,-1.0734717605976491,1.190550239876159,-1,0
321,45.985905357010026,6310,-0.7483115288145418,-0.8205948354118825,1,0
322,52.73367135518346,9287,-0.10241920245289816,1.190378801730341,-1,0
323,31.209314825997616,8693,0.1883267624727911,1.9447080984002492,1,1
324,59.17193149558718,7770,0.29680869986625347,1.4957711744550457,-1,1
325,58.63384281264695,1027,-0.4747730978516987,0.3916175406973011,1,0
326,8.774051034988311,2809,1.0219155204385537,0.5603391984964589,1,1
327,43.8145749337072,6652,0.8269712086848229,-0.029415157384237833,-1,1
328,30.530814692219224,4460,0.34370156047484185,0.5787261738206484,-1,1
329,6.879473910696605,1194,-1.9390591775970585,-0.16581481953977636,1,0
330,10.100605491859014,5064,-1.3910150160687333,0.05202256394868728,-1,0
331,5.4942791407647835,2405,-0.9792915405449866,0.2267751424018762,-1,0
332,45.47943957191149,4934,-0.16036755580763562,-0.016085324860090337,1,0
333,97.06250941481119,2455,0.3758165707835806,0.23334032963856138,1,1
334,15.464953550372906,4886,-0.7230875006554953,0.4808839579427513,-1,0
335,39.4900062774699,3893,1.1309686299650976,1.8818807760801217,-1,1
336,35.19847029026809,1919,0.6033636834500722,1.9027984445345978,1,1
337,27.719479541003615,2526,-0.251877004630273,0.042296548300243465,1,0
338,32.614327245322514,4091,-0.23525410672970942,0.765403418287298,1,0
339,69.2657718346621,7740,1.62424956532596,-0.47387710220381213,-1,1
340,99.90318472548523,7173,-1.844036702810804,-0.17490079329856267,1,0
341,20.38026084205967,1979,2.2083868162339395,-1.6841778398686789,1,1
342,40.57926815641776,6950,-1.241968315806055,-0.15049243671393045,1,0
343,51.142575648197536,7597,2.894642364365576,-0.18128285646154488,-1,1
344,29.220733112455953,4343,-1.6828482622655518,-0.22520596710126212,-1,0
345,92.7161705436953,6757,0.7860451406649365,0.19006596125000155,1,1
346,29.713598329628937,1350,-0.5608041363575106,-0.07759745490286316,1,0
347,55.23473095936241,6281,0.6072285765418417,0.28398530734240135,1,1
348,88.98310433416107,6762,-1.2630867877187255,-1.4599089855874465,1,0
349,66.56552710309616,2288,-1.4744411757881204,-0.3060389440423542,-1,0
350,2.1278436543507686,5358,-1.683320504833782,-0.2146677877535073,-1,0
351,84.8610958667571,8354,0.6094445729528061,-0.643620250401941,-1,1
352,96.90698537401474,9174,-0.48979773391117637,0.9028105819266737,-1,0
353,24.573150998057972,8128,-0.9503870070015725,-0.4265770148761381,-1,0
354,42.60941222706372,9652,-1.3518841398897943,0.13174809301864374,-1,0
355,98.57464687482194,4482,0.4963935546140809,1.594402998811986,-1,1
356,96.78691843917503,1792,0.17991347668210877,-0.14192939892631345,1,0
357,23.36103586580105,7185,-0.6720586166446048,-0.21274285561163173,-1,0
358,65.50383061858629,2566,0.8970645251766796,-0.5483321091328179,-1,1
359,66.21385812113444,3146,0.149052888869849,-0.09480091865963994,1,1
360,15.26579536639264,7759,1.0002902921845447,1.278189698291967,1,1
361,15.025254185015644,5533,-0.6438452739762519,0.8356591196844889,-1,0
362,74.02369205702668,4511,1.411443169139565,0.8620461066364745,-1,1
363,93.87950989839584,5256,0.02120040938019009,0.10846845009830149,1,0
364,64.01510785414122,2960,0.6450730758191426,2.310324385809088,1,1
365,73.52551012525117,4958,0.6704484249340594,0.3317975596372193,1,1
366,30.146787830485415,7774,-0.34039641840247714,-0.22433389170778914,1,0
367,96.498582805263,4461,1.2980384522377344,-1.3445697125597331,1,1
368,30.618972982388755,4722,0.07798058016499437,-1.1146044307111198,1,0
369,27.73470730551074,3536,0.20855685037047988,0.7580711875472491,1,1
370,58.37911408971479,1870,-0.6734861227245454,-0.24935263003770547,1,0
371,51.14314137728214,7670,-0.9289619261164914,0.6540999947504901,-1,0
372,97.13756335634237,6009,0.3948975760183878,-1.0535176125247956,-1,1
373,20.760875899436634,3586,-0.4022184935672762,0.06865583578423853,-1,0
374,85.76022037214722,8103,1.6649544497125517,1.134382018074675,1,1
375,57.652084390003736,2898,-0.39004123327159607,0.4453769187777585,-1,0
376,36.66365581799152,5461,0.7481185909202159,-0.10915349420756638,1,1
377,77.80616558445575,5469,-0.4985564886355604,0.9128223066507849,1,0
378,14.355436694809192,2060,0.06741136756391158,-0.23307477380725775,1,0
379,52.76784181465323,2325,0.27101990148488864,-0.3808635578597009,-1,1
380,60.548245978732446,6030,1.0355201771356923,1.2833004068904703,1,1
381,55.16488194664685,1499,0.7783609776275849,1.528932645847358,1,1
382,87.92551197257185,5640,0.6447248985827015,-0.022736372907384977,1,1
383,29.224746818011702,1457,0.5291159827446154,-0.9781085544944574,-1,1
384,83.09642406201971,5165,-0.054897473351253535,-0.13790324315956892,1,0
385,50.69560545282884,1451,-0.5737000178264396,-2.2166666298700735,1,0
386,2.706683272402071,7365,-0.5228052860127437,-0.7104021459654257,-1,0
387,15.120280215823955,5537,0.20914908074421376,-0.010084876909198006,-1,1
388,24.35775947608048,8640,0.1478272966799575,0.5998446164596526,-1,1
389,35.82799061901335,9566,-1.3751899920841715,-0.38454073375043407,-1,0
390,1.4492761121198638,5225,0.12453314827518848,-0.48521557508037516,-1,1
391,61.74049934385447,4195,0.41390501085477144,-0.8447838269373938,-1,1
392,71.97332693199583,2207,-0.5780611534929757,0.9408272158983255,1,0
393,76.18763229620659,8719,0.1450822002881628,-0.30685189148244457,1,1
394,14.980098472221622,6228,-1.8459702622816547,0.4759947174615109,-1,0
395,58.85948053218808,4721,1.227845667752812,0.702243506671237,1,1
396,43.5436833460531,4939,0.0744700118210761,1.0719281488117498,-1,0
397,25.961264204616317,6809,0.3945523034002244,-0.8462451411288864,1,1
398,53.21837692910836,9460,-2.053327908750319,0.31494347747852436,1,0
399,23.442465090755725,6491,-0.8042368500287842,-0.7888520737440038,-1,0
400,87.7311006251711,5884,-1.5351879941557733,1.0314174185074902,-1,0
401,16.675455299117814,8904,-0.1425855799063285,0.32993614284911926,1,0
402,97.12966664830091,3523,-1.0283860317065632,0.5294609521257304,1,0
403,62.37193396214335,8356,0.7419536083582344,-0.827201132897546,1,1
404,19.374508236484974,5680,0.2239811758243838,-0.34534287258523017,1,1
405,75.35267649013011,1262,0.7393617421173259,1.494546824039944,1,1
406,37.47312984606215,4745,0.7841469167997523,0.394496549979912,1,1
407,90.1488291653297,6581,1.040406825006797,4.0000386707659485,1,1
408,6.757747166496464,8513,0.012251524122945709,-0.07746226925675934,1,0
409,37.05550700982586,3625,-1.1364310793744217,-0.44132974510002615,-1,0
410,99.56052377474126,6606,1.4132665347883941,2.1487373804908643,-1,1
411,72.44304543368447,2489,0.20917975570874134,-1.8648079412202725,-1,1
412,53.4985498223156,3606,-0.24937650409760645,0.2768191602869743,-1,0
413,39.49044593101205,6978,-0.19533970427338346,2.0602977765977903,1,0
414,11.767644836191455,7210,0.7829699348437084,0.685853334050924,1,1
415,56.75060850635692,7130,0.23685408066412708,0.6462265189076424,1,1
416,8.549640543583152,6245,-0.9016417616085067,-1.4191710067150256,-1,0
417,64.30792355794051,2805,-0.21566394492575797,0.617564068848197,-1,0
418,17.038710410154113,5665,0.5365779100870686,0.21264075280335548,1,1
419,48.92840818617618,2829,-0.7873067820547098,0.20277760834811884,1,0
420,27.336551079253983,7656,-0.4128913485047091,-0.5471695509110017,1,0
421,82.2007375269899,2585,-0.3173943381741251,-0.10213546390612795,1,0
422,95.19069031604394,4288,0.08232234725702059,1.2781696773454296,1,0
423,72.41176135218934,4440,1.7464694987366094,-0.0024504611434925517,-1,1
424,8.74287361226506,6110,-0.5150351491815652,-0.08452537692058529,1,0
425,95.16955795895029,5531,-0.2249367691089283,-0.14185869424901773,1,0
426,19.05532489662981,3623,1.0713579845459564,0.8446467334577026,-1,1
427,38.266846014751806,4791,1.202445602114063,0.25122103127112627,1,1
428,15.983896722337448,2662,0.4545829305264438,-0.9919269194286999,1,1
429,88.30939064544499,2018,0.5498439884142169,-1.6569121320136582,-1,1
430,5.005792042063646,8776,-1.4990815683568663,0.2634745323613823,1,0
431,13.05610884995707,1233,-0.9161879996894904,-1.3651653262459127,-1,0
432,55.62698219137674,6965,-0.26488409693974213,0.3778846560154335,1,0
433,68.13112897873859,4644,0.013865327924312602,-0.06933127754247408,-1,0
434,92.80356642509253,5253,-0.7276015558399188,1.4938226372841374,1,0
435,48.69963769551409,1579,-0.5193103823632967,1.6545949424311535,1,0
436,41.64530951507341,9951,1.5806000133947888,-0.5367003998804294,-1,1
437,80.03237028722546,2385,1.3400503484758712,-0.9204765853427801,-1,1
438,88.91719707692882,8204,1.2155473396637897,-0.9894187704683394,1,1
439,53.44500726740187,8609,0.2705358788360474,-0.01625309125257156,-1,1
440,70.6320173674391,7972,-1.3896155694822623,0.7619086580434986,-1,0
441,92.86362871427207,9848,-0.6702554820465589,0.05737103542844346,1,0
442,14.959615839627157,9592,0.9207133298892947,0.24225066943420107,1,1
443,86.15893041743423,7899,1.3345983259090834,1.3599645644756533,1,1
444,13.44272590241016,3183,1.0417208017009407,0.7526598482064354,1,1
445,30.773802488530325,6817,-1.4442592585867513,1.6348932019710123,1,0
446,68.90552086546845,3535,1.6187515522022582,-1.0452879297442492,-1,1
447,59.70051911862937,8428,-0.9858939461771812,0.4312255875240659,-1,0
448,6.338096684507363,7591,0.5527395387737214,0.8852757119448343,-1,1
449,5.743332459425071,4180,0.3973058943966268,0.5500350289264994,1,1
450,33.31409184364337,2193,0.12079604865680293,0.2519085413093217,-1,0
451,58.315023369320166,5574,-0.1550758793969068,1.3110598201654944,1,0
452,73.9552981946389,8473,0.7451273559863745,-0.3512285021008315,1,1
453,80.61373478354925,9650,0.04329691757229245,-0.24304595738612217,1,0
454,41.61947669603277,2568,-0.24744239579416757,0.46619534795622075,1,0
455,90.39430680338657,4576,0.7687055080973851,1.3971552158491847,1,1
456,23.27146829236693,9807,-0.432596311894616,1.8991777005610988,1,0
457,62.6978441546093,1125,-0.25914467271477726,-0.08931004938829443,-1,0
458,37.56904825143835,7827,0.03613824450783901,0.4546111075834644,1,0
459,72.29775737792849,9209,-0.5326112965436791,-0.4488420604435218,-1,0
460,87.7773396233218,2602,-0.2858490468252177,1.6458115358774421,1,0
461,58.10086408269607,2181,0.6675678740809421,0.5503834592178314,-1,1
462,99.63247695641417,1440,-0.9977391971151083,-0.5510928005846752,-1,0
463,45.62481542129858,4981,0.454187267492834,0.027794090724283044,1,1
464,14.853714328045394,1360,-0.7219419918415432,2.3309049245499724,-1,0
465,79.18946043695847,5699,-0.06321619130888315,0.4369318942854051,1,0
466,46.999635385437294,3763,-0.6027710274222068,-1.078900288062489,-1,0
467,83.45228282937813,6570,0.41798777589332503,1.5638587492203906,-1,1
468,91.49221641560891,2930,0.719466590936256,-2.108769014948124,1,1
469,7.8071808975440256,9237,-0.3682619641493877,1.9153126090541581,-1,0
470,28.448586972748803,9903,-0.10041289765074882,0.5470089089534284,1,0
471,78.08658171033102,1647,0.3801310144173812,0.6788025423844447,-1,1
472,16.220484064770126,9284,-0.5575052056335283,0.5686499920456759,1,0
473,90.6177708288757,2908,0.7087713686963213,0.13453276059833472,1,1
474,1.9812146406104831,5286,-0.27930763872528513,0.13054459497658047,1,0
475,38.641735865463076,1008,0.12834320554466563,-0.7231053117992261,-1,0
476,2.4123395435287383,4130,-0.47375268748911864,0.9096575069036389,-1,0
477,12.180427844556991,9538,1.537927554634931,-0.628095017091432,1,1
478,86.20569690439581,3935,2.1228741820712744,2.6366251560430256,1,1
479,60.1753987869725,8348,0.3704044665428796,0.769821448344928,1,1
480,67.86889731576366,2055,-0.2674555137986632,-1.4349830734681994,1,0
481,62.755521363044785,1127,-1.4800944265992224,0.6553619958048374,1,0
482,53.168673151342205,3907,-2.241984714075914,-0.6049838351343966,-1,0
483,64.29571922679868,6948,0.6066279499037627,-0.7905000893640324,-1,1
484,19.8664862812156,1549,-0.08679703345045825,-0.3876262124631324,1,0
485,67.0906523635015,6709,0.4955773981425642,0.53320088728528,-1,1
486,78.82911480336087,2896,-0.8958394095381887,0.18905795366476455,-1,0
487,23.573114998701826,2779,-0.9653015713373815,0.4441715726503726,-1,0
488,49.82214821090867,1653,0.4931140123479503,-1.492506700725231,-1,1
489,40.705932411504186,8036,-0.5797708760868365,-1.337063938005772,-1,0
490,53.35262132893769,6064,0.07712918625844964,1.4266504877846142,-1,1
491,14.49365691745671,8331,-1.1672056132762858,-0.026123960389440357,-1,0
492,1.8939507343704136,1689,1.2838695345109277,0.01041825099692625,1,1
493,26.096971024689456,9216,-0.57805852172658,-0.3333567105723147,-1,0
494,75.26661625164243,4592,0.8954107719808717,-0.3308845702952198,1,1
495,71.51315569758448,8137,-0.3331644399120741,1.4231874585269169,1,0
496,72.5582006898189,5011,2.6291742916656773,-0.6256260383944835,1,1
497,26.64113331198592,3000,1.5056766727251867,0.32727753414667315,1,1
498,99.98633413812655,1362,0.75415731474557,-0.6288174965967419,-1,1
499,27.043190751712498,6879,-0.9367020462382084,2.629175229724125,1,0
500,34.552384774498556,1375,-1.5559285605528776,-1.1136052038793025,-1,0
501,66.87230214760862,6586,-0.3722134572385168,-0.33800775468894506,-1,0
502,39.590474377289276,6615,1.0013720025088695,-0.0831518322958386,-1,1
503,90.32689886841743,2408,0.8736067292809978,-0.5769866807811449,1,1
504,19.190319079335698,8182,-0.6256603795001474,-1.0923800943414013,-1,0
505,63.95475918012296,8105,-0.06676584497491224,0.4039600791538233,-1,0
506,30.88732131609007,6608,-0.5043605032282604,0.5358377314181458,-1,0
507,52.7030068463521,6881,0.6385067864926438,0.9950923754087032,-1,1
508,31.587532111298557,3198,2.5058380001122207,0.07429519680009103,-1,1
509,51.05950007811156,6780,-0.7419476324530347,0.33235774048984745,1,0
510,20.615254181113983,6175,1.1373360510680357,-1.7853495073470067,1,1
511,71.59430781579576,9312,1.0449052686252092,-0.19984907612733455,-1,1
512,47.26084735221269,7270,-0.08642099706157615,0.37932558317427406,1,0
513,14.611583067485206,7967,0.11318474370388423,0.3700620820734355,-1,1
514,5.294096755497323,9500,2.482278867294302,-0.6170756332422962,-1,1
515,91.52203466815276,6720,0.23731737072525452,-0.947588031319476,-1,1
516,82.8401438439911,7771,-0.4868549365190129,0.40563194758785204,1,0
517,78.18299668614478,1353,-0.15859408870619449,-0.7208254337200397,-1,0
518,37.07653043104058,8758,0.03937355566486588,-1.693812789949598,1,0
519,33.56881635244058,8281,0.39589661510187907,0.9062965063035212,-1,1
520,19.316411481786925,8156,-1.8856223134133532,-2.263918364709254,1,0
521,76.84402770473453,7549,-0.7216193086002461,0.9338310844339055,-1,0
522,28.534681954867416,9567,-0.6061193707191975,-1.3324030483336142,1,0
523,65.01936351728466,7787,0.48347179293913145,0.2307974378211645,1,1
524,91.73000225512455,1350,-0.44947679856517736,-0.9894614092832237,-1,0
525,46.496876911186675,8280,0.537665756626486,-0.3576977705491383,-1,1
526,36.56333517377652,6494,-1.796421202831098,0.06403684636947443,1,0
527,40.07418378805632,9686,0.33071136189226075,0.8136275370870731,-1,1
528,72.05805228397844,2447,-0.020356830301978185,-0.7586529295688379,-1,0
529,23.81534386953136,5267,-0.18896901672325198,-0.5927225103206899,-1,0
530,37.26595556288936,5414,1.7785021093036688,-1.620014165593923,1,1
531,6.2306138706828005,3348,-1.0924942671353939,0.3849534213074019,-1,0
532,31.366871813255475,1669,0.7465068432505233,0.3581516535659345,-1,1
533,44.80522074247564,7673,-2.081725647145314,-0.15063395479809225,1,0
534,43.9060893267029,4956,1.7964897221855824,0.49948940124979696,-1,1
535,8.141306673803058,9829,1.4020619552966591,0.6243528169679194,-1,1
536,81.21775706062411,7455,0.3089836124051267,-2.8251190562988135,1,1
537,28.885739042793766,7866,1.0059115514235262,2.3214811385115794,-1,1
538,5.691052774612418,5792,-0.10428985954239216,-0.1317374518887455,-1,0
539,72.2731872044526,2993,2.172203937674693,-0.16559126283870024,1,1
540,42.53702696935255,9990,-0.033389058684439386,0.5509264821995514,-1,0
541,37.12443787820254,8729,1.2758156747283331,-0.012905317686855187,1,1
542,38.35789921679025,6728,-0.8775064031347894,-1.1744487052432333,-1,0
543,99.24425492518644,4456,0.6051260035672684,-0.08049833837829598,1,1
544,76.62530902816043,3273,1.5262860881509548,2.0442879257230357,-1,1
545,14.053112018390896,5219,0.5175490201205685,1.3768175170844843,-1,1
546,66.06454406467859,1948,0.011688885997904012,-0.4368137516983174,-1,0
547,20.854811383460923,5966,-0.5149310935666199,-1.5146828498931524,1,0
548,36.43987875813389,4393,1.7766240585641424,-1.9258563987651318,1,1
549,91.11195742473761,5423,-1.3357203190084277,0.7574292579803814,1,0
550,92.71249098997455,3130,1.695089542937459,1.1281853063658567,-1,1
551,92.21183309114978,1100,-0.8006696914931257,-0.06325528545503248,-1,0
552,17.262163979338116,4919,-1.874247256282553,-1.8212621575050458,1,0
553,30.018451166872,8836,0.14067725281649268,0.15194863496977937,-1,1
554,1.3178615373982518,7170,0.2067403151854409,0.2760551411497202,1,1
555,47.60836964271855,2852,1.3786483743260853,0.677478728497275,1,1
556,40.348174594442774,4879,2.9330464348380447,0.1646993556523435,-1,1
557,3.9369016279232616,6952,0.1292753805240796,-0.6944540934567393,-1,1
558,17.208797924071845,1403,-1.2641977120700782,-0.6286592913012755,-1,0
559,72.24042957533712,7624,-0.3928048967612778,1.4884416991300535,1,0
560,74.62165183623247,9160,0.8927259001658907,1.2311630644699674,-1,1
561,39.31954870966961,1756,0.21679536499104685,-0.38976838185801177,1,0
562,13.262449604965303,5361,0.39949805817796985,-1.0445114766543528,1,1
563,43.21833647242599,8026,0.2950493080680823,-0.9776901903773649,1,1
564,82.53716175300404,8942,0.7010017868625738,0.11006128570332548,-1,1
565,76.58588099299728,1513,0.8168256404426332,-0.19615495247690623,1,1
566,9.531084473328814,3578,-0.14210361445456626,-0.32037596121767625,-1,0
567,15.590322824953383,6512,-0.6990425212562055,1.24687496559682,-1,0
568,81.86543800518326,2879,1.464532833426844,-0.0052919388556120295,-1,1
569,96.5207010776948,3822,-0.6308878631479787,0.858542099988685,-1,0
570,15.883542849747524,8903,0.9090872332638109,-0.26735549740384246,1,1
571,81.85847440405338,5564,0.8264364051209105,-1.6406453506437246,1,1
572,18.712997545589285,7431,-0.33527936781789963,-0.4494268028458839,-1,0
573,28.13465340251599,4817,0.9505312043934566,1.4573055820264178,-1,1
574,58.96608849324008,6540,-0.9773508262081276,-0.3641412114398962,-1,0
575,4.796067981371986,8105,-0.27787670565631856,0.7846420876698227,1,0
576,40.5350151335822,9833,0.7211991809122285,1.2710694730926555,-1,1
577,20.24592214888748,8572,0.1952363071812577,-1.2784456121448533,-1,1
578,42.562842382187895,6568,-1.0692925979224128,1.4930696847008598,-1,0
579,48.38704060526551,8940,0.03463245352667024,-1.2836281474394906,-1,0
580,78.0453402828382,2523,-0.3637814255483394,2.372665419873403,-1,0
581,71.83201106133652,6154,0.7504824018899928,-0.5347296376158873,-1,1
582,62.0440750649096,6955,0.5409431504419747,-1.5422150641809043,1,1
583,41.343317998622055,6120,0.1370078290749202,0.1216518973441889,-1,1
584,16.500556290586605,8369,-1.216961437684697,-1.4509457350287753,-1,0
585,42.45055363265456,7951,-0.5932597620831738,0.5347349004981133,1,0
586,28.804170801337747,5059,-0.5189862933882755,-0.04503225688637834,1,0
587,90.21617134448647,6379,-0.13528323808789958,0.7299478239613968,1,0
588,22.377857305206444,9832,0.05198078531660343,1.334191040345807,1,1
589,79.71564509887995,7270,-1.1933815018888059,-0.7740337676926733,1,0
590,71.25063271988053,6807,1.3880852481701889,-1.4875309727799086,-1,1
591,99.90388610241722,8361,-1.0661005430351231,-1.5263812047982712,-1,0
592,37.194392396151784,4633,-0.3253071181630648,-0.32371394503166906,-1,0
593,20.271349048176173,3426,-2.2609954524984457,-0.5823730521350351,1,0
594,96.38537836212741,6971,-0.15047516469425698,0.24664992129736552,-1,0
595,39.19318235795614,7532,-0.5428656371501565,1.3616203393038686,-1,0
596,34.35365634010042,1730,-1.1624925578941054,-0.31320881902488773,-1,0
597,6.404800875549724,3794,1.1919206055286402,-0.35293662964501527,1,1
598,28.564014503408163,1516,-0.30520695847072193,-3.5140301319453076,1,0
599,1.3032622658898831,7641,0.24467392907248448,1.6353728093963624,1,1
600,78.22905828145562,6908,0.05249176902619061,-0.020298857522754246,-1,0
601,75.18624035191205,9308,-0.7120355439248375,0.42596430384044504,1,0
602,28.00704617262278,2018,0.24411733769475008,-1.6238325823271302,1,1
603,11.317191338748831,9490,-0.17468130093076742,0.8236919656881541,1,0
604,99.23548250274821,3548,-0.6183001971051172,0.03481160860972189,1,0
605,78.50906372055135,3856,-1.9421940701464881,0.33491014954964804,-1,0
606,31.1194022887702,3765,-0.34620212086691665,2.0897571406761197,1,0
607,28.30621157399265,3404,0.6273810233008638,0.15469058523447704,-1,1
608,87.81386954063798,8880,-0.6804363895509294,0.8558957115299992,-1,0
609,75.51669679968437,5690,-1.334913216098294,-0.531360430531122,-1,0
610,25.262413762898703,7503,-0.022522510973329187,1.0159586428293603,-1,0
611,91.71166631953534,7857,-0.4311471237613081,0.06494523992678027,1,0
612,7.43991185031693,8951,-1.9869716239127775,-0.7509529995267494,-1,0
613,2.90440828389806,9313,-1.878070243715952,-0.5402604401980199,-1,0
614,41.83646939426229,9914,0.428062236364394,0.7400788450007825,-1,1
615,36.23172000531359,9851,-0.8821034697933238,-0.15286441367936307,-1,0
616,82.61352395438914,9362,-1.5605814681020096,-0.43580566724791175,1,0
617,53.18805917563233,7101,2.434868733922073,-0.8349357821050716,-1,1
618,90.4488906091785,7202,-0.5357360787452293,-1.401800241868494,1,0
619,18.411058950447956,9185,-1.2896896801860116,-1.036406087847586,1,0
620,2.585760723802381,5056,1.1814517858295448,-0.3697119757208768,-1,1
621,29.30436105499933,7195,0.4860274133391597,1.2707345723715942,-1,1
622,62.8839103454909,8472,0.4258614096735993,-0.004497398751742051,1,1
623,20.070513297008368,4335,-0.8506724922833047,-0.5797872095362608,-1,0
624,72.03138751212346,4865,-0.3560074835591993,0.6903504959818191,1,0
625,3.5424399570564478,5074,-0.5642814747742887,0.5354851757572482,1,0
626,7.322514822926309,2563,-1.0740514444167284,0.8013184672136234,1,0
627,33.79870995423153,5405,0.36003590275436026,1.8683517814012502,1,1
628,96.72385105341554,4211,-0.26689657638295167,0.0654846401341682,1,0
629,45.01872557566777,4360,-0.01596142651384646,-0.5310785879306414,1,0
630,93.11233986202468,1760,-1.3285955688349207,0.22682784687496685,-1,0
631,74.81216462026836,9095,0.25595848406570376,0.0835404368281768,-1,1
632,31.189883635603515,9520,0.5214911540777646,0.6268208128501265,1,1
633,26.845626804502764,1239,-1.2909361717160395,-0.9800920739583407,-1,0
634,46.81930044152375,6889,1.0290741780895183,0.7947069291116038,1,1
635,54.41851872735383,7577,-1.3372058497622688,-1.2602431302001464,1,0
636,81.75349563893265,8307,0.8072388938250054,1.8636421054167853,-1,1
637,32.88877342335405,2657,0.6969619409024495,-0.8795015776254211,1,1
638,89.41557510903684,4870,-0.3033918114425651,0.024239714452057897,1,0
639,47.695510272258524,5135,-1.1522929147600665,0.7630300144965902,-1,0
640,24.592747607859117,8570,-0.9233740480642209,1.4124376585825393,-1,0
641,25.73132454641807,3731,0.17462032516635456,-0.31292292603795746,1,1
642,33.075528035843604,2781,-1.4619595733928157,-1.3208544403007705,-1,0
643,87.38964259229122,9996,-0.7259520665937794,-0.7652372332776868,-1,0
644,79.98609821163605,4419,1.3585241239705612,-1.1703610585664714,1,1
645,30.895413410297696,3344,-0.9885949702335703,0.37296842058082585,-1,0
646,70.81601919290033,4644,-0.46713278399947883,0.03637124931337913,-1,0
647,16.64561376396827,6659,-1.0465001788628656,-1.0296040913516986,-1,0
648,64.00825987454616,1174,-0.401255697156658,-1.4817715415290789,1,0
649,49.97882350047059,9291,-0.9359846795422939,1.6161465800817474,1,0
650,78.1257846773189,3422,2.0198126316461558,-0.31160570342119503,-1,1
651,18.55884397707275,1250,0.6878772497775365,-0.033105818222062405,-1,1
652,40.053439744039615,3330,-0.5231849628730192,1.8191337494417599,1,0
653,87.07507299207373,6950,-2.9341940239174513,1.43493783106742,1,0
654,90.80063226570245,8576,2.9947945884439444,-0.60565216721017,1,1
655,26.581995731505593,6919,0.07658264405271172,-0.05593665657639354,-1,1
656,94.44518349587375,6794,0.8144967242090321,-0.16715930681742522,1,1
657,62.95901195990184,8524,-1.0200430786112398,-1.2910920408504702,-1,0
658,44.2679067569617,4585,-0.45439456937483513,-1.0526776579442312,-1,0
659,78.21224065507614,1452,0.008592776729915817,1.8432209721513524,1,0
660,37.15299738512634,5051,0.28730211870122796,-0.971117625207219,1,1
661,19.971815469977564,6489,0.5017661377970862,-0.8851518592360788,1,1
662,23.595302363508093,8721,-0.6364370750121869,0.2581692694549814,-1,0
663,95.28639321482687,2994,0.24366862063110373,-0.19725154009156262,1,1
664,50.081732487607276,6647,-1.050109253980345,-1.085883826959779,-1,0
665,47.13615074997072,8061,0.8778712887577275,-0.3351917276553986,-1,1
666,94.28555169717892,4524,1.6003592373413618,0.9879149302212799,1,1
667,48.75945941402503,2611,1.7505313188909015,-0.06253660177690765,-1,1
668,17.122305055955767,1981,0.6746302562744012,0.6032756364803861,-1,1
669,65.3984642518952,9727,-0.6183042813703543,-0.4265161548992377,-1,0
670,27.326528482939427,3412,-0.18778909084352963,1.1334538942746586,-1,0
671,63.16907052787977,5340,0.7827249038992872,-0.6308676104639411,-1,1
672,61.7414846052997,4723,-0.22723014212825723,0.6973369368220096,-1,0
673,35.229599845041335,5731,-1.227501461928312,-1.6469816421492955,-1,0
674,13.482628910092942,4949,-0.5234718136154349,0.35365697821069814,1,0
675,5.906574723735396,9581,1.3229547406356306,0.718479161460251,-1,1
676,73.19093240309955,4579,1.1129783201261438,-0.30540755638185735,-1,1
677,89.77376562256913,6616,-1.9135708245626888,1.3926573964099689,1,0
678,81.54887605708502,4411,-0.6131637234240971,0.8617048152694852,-1,0
679,87.49100803370837,2040,-0.49123563499367157,-0.08619941919362611,1,0
680,30.668063351322616,1027,-0.08780300259601667,1.0895091561105754,-1,0
681,68.9023457056723,3816,0.4915653012766643,1.1148456241322453,-1,1
682,90.77814961932155,3061,-0.7334740298851964,-0.6067547262302799,1,0
683,37.02989053880078,7795,-0.9077158439787235,0.2505331694718139,1,0
684,9.25538285650189,5877,-1.0924628035488235,0.5747208973904474,-1,0
685,44.73158689357666,6276,0.4236230663717478,-0.9774404594544259,-1,1
686,69.25158374346108,4495,-1.813486692114395,0.2242526020897481,1,0
687,15.163443892497558,5270,0.6749407373925199,-0.03906619778397237,-1,1
688,6.211052292480776,6712,-0.8037842373311384,1.5560010890795295,-1,0
689,80.75524170172652,7305,-0.17718937325946085,-0.8859831376480639,-1,0
690,33.99834093741591,7316,-0.5132739716670227,-0.09994850478133743,-1,0
691,96.17781563493263,1323,0.27564180784871833,-0.6842682432284147,-1,0
692,18.647175221059992,3909,-0.8412967037386376,-1.4898389049443963,1,0
693,85.5033526204783,3353,-1.2981538689448415,-1.3254454920696865,1,0
694,93.24342716590849,5907,1.011926608837727,0.3525832967279572,1,1
695,75.47143672302353,6256,-0.644202856876328,-0.3845085612191828,-1,0
696,41.67572094682031,2398,0.28772289741079005,0.0998392102078511,1,1
697,87.89546944318244,1532,-1.879126706576147,0.4350667399499327,-1,0
698,32.94164255293906,9108,0.12988680904412664,-0.05273055886867978,1,1
699,55.48993740374693,4162,-0.24527110747858513,1.0200872905569127,-1,0
700,23.96249136787668,3095,-1.554589557061976,1.0362479701703347,1,0
701,49.973406868381474,4706,1.4842840326657185,-1.4840977472261996,1,1
702,98.67844196256323,5901,0.15270599130727902,2.286342733380246,-1,1
703,40.619814077060454,9863,1.926285977514666,0.04977534810735759,1,1
704,49.407879875881235,5427,1.1054031348131528,-0.4144272188495591,1,1
705,1.2908312947454117,3193,0.15353937583816846,1.574646206400048,1,0
706,20.41439927412484,9147,-2.005676007019747,0.7472936051319562,1,0
707,71.79082537141754,9942,0.4147288626005338,-0.5643127744790413,1,1
708,85.47894589228622,5926,1.798073927298895,-0.6449327182996953,-1,1
709,75.112244758787,6757,-0.650327127081085,0.264300443149586,-1,0
710,58.967015582527665,7444,-1.135375741389806,-0.9783912317391981,1,0
711,16.561712189374276,6216,0.46388497219188146,0.7110363552416168,-1,1
712,63.7960818428063,1847,1.4845456086454156,-0.196123091723888,1,1
713,21.481822242299657,6748,1.1106741986357196,-0.3651584012217298,-1,1
714,54.82677924953773,4797,0.6224585594509136,0.2755673641091575,1,1
715,49.19451100054546,7755,0.10629564581060309,0.3971503332354114,-1,1
716,81.89836732080373,5989,-0.14237262215825594,-2.1211868517597923,1,0
717,32.85081562610313,1226,-1.5305837074694604,-0.5067293243094881,-1,0
718,57.58629581690154,4078,2.0566064565624638,-0.26862194955513075,1,1
719,12.939186500456564,1290,-1.3774430933645119,0.3269235020040803,1,0
720,88.11118071972616,3501,-0.6694121319758363,0.06495975553271077,-1,0
721,54.5957249357636,6026,-0.011391975672305082,-1.156940598821899,-1,0
722,44.32509940285958,5733,-0.46255557317445034,0.5723548588281585,1,0
723,71.42165219102569,5392,-0.6083337860268354,-1.5932563221495792,-1,0
724,3.568433626155957,3263,-1.3382887436871993,0.18678972173911118,-1,0
725,37.69212409165655,2305,1.1946104131181239,-0.47828758110817576,1,1
726,60.21910619455565,2841,-0.7893325271641372,0.008716962580514492,1,0
727,11.418229870190586,4242,0.1880597741302937,-0.47079647830679466,-1,1
728,2.3500357890823,8180,1.7797768317949445,1.4459265745313297,-1,1
729,78.594300436459,3011,-0.4707306172362329,-1.1606033597380523,-1,0
730,79.89963463698885,2127,-0.9086519978182401,-1.442472217481513,-1,0
731,77.22400194486401,6732,-0.39959817201968384,-0.28593610058344665,1,0
732,37.23296170659649,4217,-1.1085470196360594,1.4207990390283114,-1,0
733,46.67354518848841,1146,-0.49451577682355136,-1.4976745217388665,1,0
734,59.922188551008674,9985,-0.43464081161845614,0.5565404548058837,1,0
735,23.315942510473803,2350,-1.000227846263424,-0.7457330859444937,-1,0
736,31.593979214542294,3983,-0.2765931495643036,0.5827278305819668,-1,0
737,67.08912830388141,3504,0.5019501555222482,-0.4549601542168217,1,1
738,45.21309475269687,5837,0.4140330241543707,-0.7121736851030961,1,1
739,10.545138762957674,6333,0.8616052998218416,-0.3204642770493263,1,1
740,47.97870439720468,5459,-2.2387386665224316,-1.0230821917220534,1,0
741,7.946508405370479,6201,0.09952047790294674,0.3295962856443438,1,1
742,74.62840990365547,9383,0.0044796674757012185,1.0600079455735456,1,0
743,69.93384057721038,8206,-2.024609033161188,-0.8626425092363333,-1,0
744,68.7076384146954,2303,-0.32950754403433363,-1.3316447437674337,-1,0
745,6.317496717381882,6464,-3.3484731279543265,-0.6077244831754882,1,0
746,48.79297894118109,8632,0.6302337018495926,-0.7950529084357446,1,1
747,20.190706596014014,3443,-0.5483821667499157,-2.0442082060806794,-1,0
748,10.745295012893106,1068,-0.8231020033464131,1.1772572697261348,1,0
749,67.14370334095055,2949,0.4816889970658959,-1.7775379116748877,1,1
750,66.83468311967023,6635,0.15450760903240163,-2.1515889301257607,-1,1
751,34.12404123023429,7091,-1.7433471640428415,0.2891349833791402,1,0
752,6.280763175275772,9592,0.38296355860800996,-1.003345148583429,1,1
753,11.726087215421144,7335,-0.10266079018244834,0.36099197164896313,-1,0
754,4.613307540983782,7678,-0.5501972562113843,0.33976553114710273,1,0
755,73.28997666774244,7697,0.5707584915173615,-2.4292282452515654,1,1
756,54.87645068624312,8894,-0.8311955410045845,-0.17148842919963625,-1,0
757,64.15146111625049,3414,2.3015946235269396,0.5418856479294848,1,1
758,18.41523619303957,5733,1.2202108656460153,-0.6508778518346628,1,1
759,54.18537577372838,1600,-1.2897573644127844,0.9250279583424017,-1,0
760,77.9853624277012,8204,-1.538953690921568,1.0063722726112065,1,0
761,78.2653457686802,9433,0.4004610234353689,1.1035625236182007,1,1
762,59.84682543681807,5450,-0.6281398959768011,-0.3906335302039805,-1,0
763,20.362154255635073,9057,0.22271080770249357,-0.28618593370501066,1,1
764,11.7073398107928,8291,0.8923262130889017,-0.5518321829570731,1,1
765,84.0053851332338,3766,-0.9690943781104071,0.6001941131238772,1,0
766,97.86550160146022,1053,-1.2028078143809133,-0.35831213304531195,-1,0
767,11.48851819684598,9323,-0.5869821223453446,0.09162303058784067,-1,0
768,44.69681983685115,2911,0.05120495114951858,-0.5252995923605057,-1,0
769,80.01877995386569,7745,2.3543201058348524,-0.5897110895181142,1,1
770,23.896657543366878,6132,-0.05726613190898835,2.2402758002475265,-1,0
771,37.92544674505797,1540,-1.8781554627321275,-0.785179696055846,1,0
772,67.70673325424137,3814,-0.7282540623291399,1.9247921011839404,1,0
773,92.01100693464015,2152,-0.11089381179698082,-3.133439782952539,1,0
774,23.539247146125227,9835,0.04551679290512123,0.8503892691073752,-1,0
775,8.837725128621525,5508,-0.0644066318047778,0.34594997696367286,1,0
776,96.13860427940587,3139,0.16098339163970296,1.6995828951709677,-1,1
777,78.51472113831969,6019,-2.316330967210583,-0.724318070443732,1,0
778,13.391459025190734,5747,-0.5620551668254749,1.677860752945584,-1,0
779,97.68507130318262,8166,0.06530360743007511,0.5858976543181181,1,1
780,85.7371473879207,3342,0.0036316353058720814,-0.08711351725173384,-1,0
781,77.7858947654799,7372,0.5543763665171747,-0.5488097244848887,-1,1
782,50.43651678012752,8494,-0.8601744268342933,1.4167117641210034,-1,0
783,52.506946537525735,2510,0.5337202982383413,-0.5911132904127299,-1,1
784,88.79152219266587,9950,0.4225323156903844,0.32263614731704376,1,1
785,10.294664586307874,9748,-1.121763086540948,-1.389211557974212,-1,0
786,56.26488431002504,5032,0.167080981371521,1.2132253834858902,1,1
787,91.22252813201287,3693,0.4321378762233342,-0.4281458013341933,-1,1
788,1.7792723042372351,1521,1.030347299421318,-1.1418955821083472,1,1
789,57.70398390478919,6048,-0.3220442803026096,1.0364372100551782,1,0
790,58.59029316740805,1389,-0.6321681207829997,0.7326871081129794,1,0
791,22.032772221330262,4412,0.12967285713269852,0.8157609396231893,-1,1
792,3.502844935308223,9443,1.3169215552281421,0.3775098717058915,1,1
793,47.90597937434879,2977,-0.3273460670486094,-0.591388972226032,-1,0
794,93.09048715111518,3535,0.2950752255044321,0.5014100116219762,-1,1
795,83.70314406907256,9392,-0.5854647198983561,1.1168573644638566,-1,0
796,43.30777751159049,3926,1.5409864035592822,0.9526463822943109,1,1
797,74.17894144527163,9105,0.04973512157199011,-0.6367794900790383,1,1
798,92.83170281974664,7641,-0.3251018703157747,-0.6764654846531555,1,0
799,38.100680160553566,9903,-1.7559296114559793,1.122954272963408,1,0
800,61.188488112820444,6724,-0.7007394182231301,-0.6278935640987261,1,0
801,11.142850490071046,4174,0.8909863291214536,0.29011993655400864,-1,1
802,61.48358794185183,7140,0.08027426523541564,1.4582313975678165,-1,1
803,83.42647100180868,5803,0.9381443625780749,-1.029821329199912,1,1
804,14.070804090537244,6216,-0.4738613609119021,-0.43821092016463803,1,0
805,90.31471654235303,2643,-0.4227582773491108,-0.6492178573090736,1,0
806,36.010429545948426,9949,-1.5483276126497307,-0.022435751477580174,-1,0
807,34.24720301864928,5188,1.0803807504344751,2.034631793626157,1,1
808,78.3636479148448,1986,2.42494902083448,-1.1516568435375523,-1,1
809,17.626105862740637,7082,0.3500776770556422,-2.2554282046714036,1,1
810,61.9005684712685,5426,-1.3562937297752253,-0.5633450468581241,1,0
811,35.94650425461806,7557,-0.9999404491065291,0.4078702646353348,-1,0
812,75.5880524448215,4423,-0.23586351793529775,-0.6107798330319484,-1,0
813,45.6420144992559,1562,0.25432784829633814,-0.7854117811783585,-1,0
814,25.102215300595653,8687,-1.3297458295814026,-1.0526770131564145,1,0
815,47.881188169014415,4818,0.365852783564777,0.4404822901659192,-1,1
816,33.157449827675634,4237,0.6984531686518397,-0.09965048170037882,1,1
817,30.128912272766158,5906,1.571606266059852,0.5726937506999505,1,1
818,18.76514842258494,8632,-2.128756794761462,0.18282915732755686,-1,0
819,54.965961565199926,5704,-0.8922214895222361,0.9000496426505299,1,0
820,45.03777732585472,4245,-0.8647521040779451,1.9569591981785501,1,0
821,16.473236177727834,1567,1.1712765856239726,-0.1326760240544248,1,1
822,22.9169940835666,5811,1.7372412255388114,-1.302068304011158,1,1
823,66.71229393471255,8220,1.0378666816477171,-0.2308998286104137,-1,1
824,18.649448268246594,6157,0.5429056310532693,0.9535154827942867,-1,1
825,83.5920375452109,4388,-2.571138144653344,-0.4141198711802538,-1,0
826,1.5327110333972795,5596,0.9272268425892337,-0.5837164152260409,-1,1
827,21.602846367474154,4960,1.579975205517285,-1.4649577940268563,-1,1
828,29.664916336064604,5687,-0.6828307136844055,0.7131074177864045,-1,0
829,65.75715770540903,9416,-0.27791050343453144,-0.8109430993953576,1,0
830,41.53987370791731,8306,1.0821047847426466,-0.47851981897282136,1,1
831,57.59716424590669,4504,1.8714404529120745,0.6556763261275689,1,1
832,88.36253115456564,7653,0.1797238572505668,0.10906404736024575,-1,1
833,14.009718043174317,2881,0.7952568333153403,-1.4775771628841152,-1,1
834,61.097998614041266,7052,-2.17968820043234,-0.2310190357893377,1,0
835,49.818124811894336,6264,-0.23862160868782373,1.0321312253063828,1,0
836,24.13635303935851,4966,1.4204846273820704,1.8171787444542207,1,1
837,93.01811747450316,4696,-1.2611155468565451,2.5072275645588036,-1,0
838,89.44849205917683,1828,0.6965284419400232,-0.4926868820812978,1,1
839,84.4266898936407,2548,0.182294060500522,-0.6619510087954386,1,1
840,58.893596626219804,1799,1.2600462171535458,-1.868106421626992,1,1
841,30.04478024499983,1553,-0.6077929044158036,-0.4465985879303323,-1,0
842,21.120299576703573,8793,0.03793885296331266,0.16671545207826727,1,0
843,74.11834279015858,7992,1.2511365131385086,-0.9107370751634087,1,1
844,21.649791543002923,4645,1.3936450651115653,-0.27011499276133205,-1,1
845,36.19246523451426,9024,-0.6124287218593124,0.39812283650735625,-1,0
846,51.99277964011111,7658,-0.6495869486942716,-1.4983399756403313,-1,0
847,89.88931446461008,4217,-1.0058064860448697,-0.3911456407475087,-1,0
848,13.643452792916117,9371,1.904819224284696,1.0812009743890036,-1,1
849,5.270672775983024,7971,-1.2521916802764343,-0.006480094052206803,-1,0
850,70.38311894627995,7361,0.48149507534642655,1.3559483951052536,1,1
851,95.90125964245378,1762,-0.4035488626040185,-0.31221316223531237,-1,0
852,68.54989710520626,4556,1.1763133681038522,2.1645251508155376,-1,1
853,75.58397495260321,7417,0.20000544179727234,0.9555601126871464,-1,1
854,36.91582764596891,5741,-2.5315915553366533,-2.1042498257688824,-1,0
855,71.07944504406113,6669,-1.466987485870939,0.12523415664719934,-1,0
856,19.626883504602617,5080,0.9977773075771629,-2.9712268556299035,1,1
857,93.48558007655073,3241,-0.05196854512587285,-0.5537788636878267,-1,0
858,56.727755831844306,1990,-1.249425702943971,0.4818867194704104,-1,0
859,58.90525070697728,7150,-0.5704025510184862,-2.3061341297828983,-1,0
860,60.67887486289546,2652,-1.3767386678697138,-1.4483315960306493,1,0
861,11.0161235468624,5971,0.8760302197746028,0.9310960600100388,-1,1
862,2.983969401386479,6769,-1.0644364869300706,0.12499430990472293,1,0
863,49.81669632836254,9109,1.830863109357756,-0.47369969678185586,1,1
864,83.57380302965655,9220,1.049227155763212,-0.01865880061003716,-1,1
865,77.20496507741397,3121,-1.6775748039750893,0.7381056796119915,-1,0
866,59.406029150706885,6688,0.5055572477257342,0.862770945495192,-1,1
867,75.48053373305875,4397,-0.6780418599967364,0.06732614748668724,1,0
868,85.50749129440534,3641,0.15468835439059261,0.6066415802086889,-1,1
869,18.72528329696577,5587,1.3322136782178868,0.7506685329921519,-1,1
870,53.67057916064556,6570,2.8576507244399143,-0.6449897852254539,1,1
871,97.66641805499889,5393,-1.0669486821522203,0.03816146362524926,-1,0
872,92.5503675048838,8591,-1.5246980831934471,-0.07180414483419413,-1,0
873,69.77672892544264,5633,0.03322732208868051,0.33158282964058133,-1,0
874,18.950106456030205,7144,-0.17602168146173078,1.0676977288534175,-1,0
875,66.55360238665895,2418,-0.28514874577546934,0.7794166559460524,-1,0
876,34.073493286573566,3596,-1.3363690884294324,-0.05642940540575075,-1,0
877,24.524616180971627,8186,0.4650905545100646,0.9522212113272527,1,1
878,18.49074435695865,3356,-0.3944539749813594,-0.9734938404226174,1,0
879,31.00139306256978,5728,-0.2157216022909783,-0.7424736866644557,1,0
880,22.56471640719555,3294,0.2665029232565141,-0.5635880868639891,1,1
881,82.67400166592141,8406,-0.14466683369386582,-1.1830009071824552,1,0
882,78.50352681790625,2408,2.1032600529435737,-0.011647594870956198,-1,1
883,41.01908266155311,9870,-1.0517302540971507,-0.22763729104777072,1,0
884,24.26508310482295,3270,-0.9019208092131636,0.3429297148401974,1,0
885,46.74828243049187,1286,0.5291833711538,0.5452872915245192,1,1
886,50.44379180807642,6923,-0.7196183474000132,0.3164736641723054,1,0
887,39.92778858428418,6862,-0.48001506354707435,-0.03163956615738182,-1,0
888,28.91812471581615,5845,0.071107215744911,-1.1736774937035022,1,0
889,41.628020730257965,7184,-0.6635323754878472,1.3612730594573588,-1,0
890,3.7126814178793497,8286,0.06765718389342393,-0.872862913437153,1,1
891,71.5086110879703,3645,1.042030405807518,-0.8600487766284558,-1,1
892,82.24301497646705,6080,1.1825903087014527,0.9994029375710602,1,1
893,56.70294791794518,1348,0.4410066641152868,-0.06351360993155718,-1,1
894,91.87998444050221,8650,0.06670370477951369,1.0501249234259347,-1,1
895,10.976745875820308,7269,1.8131626114696628,-0.24967371643537237,1,1
896,10.618525489258149,3945,-0.6186765892276771,0.2910118093751521,1,0
897,21.377403061627696,7820,0.31351417503997553,-0.3644861642030709,1,1
898,44.38622721643213,9859,-0.4204450933903725,-1.1820218548683217,-1,0
899,47.85511736548077,4868,0.5721572604453826,0.4322240301385451,1,1
900,20.056158353983566,8087,-0.01652270342845582,0.2700495673229364,-1,0
901,53.41497174235477,7870,0.2513217808622675,-0.22938774410512844,-1,1
902,66.23416248175145,7870,-0.9245754074728898,0.0282767949216897,-1,0
903,15.271540270907005,4170,1.5694518493585563,0.34925441329104284,-1,1
904,22.16279671950817,5461,1.2059432198921518,0.5868316347149153,1,1
905,66.29680591152294,6016,-0.36762384457105773,1.5030096399309558,-1,0
906,90.3158441797338,3323,-1.4256912576901617,0.8380708353291585,-1,0
907,4.654136870885734,9537,-1.4581920909783272,0.7357701823067719,1,0
908,43.88858053857893,7059,0.877858806523078,0.1927959156077386,1,1
909,64.7030050830824,8190,0.30456277583351027,-0.729083725523089,-1,1
910,42.027771076705314,7985,0.6635136031361718,-1.6083803017872758,-1,1
911,61.8009471047771,2867,-1.8149025584853309,0.4565600242934871,-1,0
912,94.99720444609441,3273,-0.5275135688904049,0.0991154402991967,-1,0
913,17.3420392230962,8515,1.4469769388325995,-0.14780914764301528,1,1
914,49.75119036625095,3963,0.16706702169702758,0.245860106399563,-1,1
915,17.518604639360476,9998,0.12188409497799643,0.7273744373885566,1,1
916,5.13759654703548,4950,-1.3081577415031937,-0.8493694368906164,-1,0
917,63.64998598169776,1587,0.16105991731451427,-0.07386243778797442,1,0
918,84.20701666787033,7447,-1.5269430328754676,-0.5240879754966791,1,0
919,27.56248906168522,3975,-0.7384472368608725,-1.0533438237312087,-1,0
920,18.33285249704439,1488,0.38913323284239576,0.9851311126491447,-1,1
921,58.11353802569652,3152,0.5050171653053412,0.8384056747006323,-1,1
922,11.233773340609655,6330,-1.457066497011637,1.0645213393351118,1,0
923,44.13889743534229,8792,-0.6276731399685328,-1.1303098940058678,-1,0
924,55.81505669317748,8509,-0.08355494960769348,0.5523167462395829,-1,0
925,24.899959198802858,5076,-1.1514016321783085,-0.874645275100474,1,0
926,5.408756093726554,5823,0.4764823391653191,0.44732063302909336,-1,1
927,39.46939778186409,5212,1.4144046046581686,-1.2662599866310735,-1,1
928,52.267627508463804,2825,-0.8404916153591963,-1.4722810554654617,1,0
929,64.32392362468104,3414,0.43310766972182185,0.3066869065615739,-1,1
930,32.62431286273529,2406,-0.13893602942138727,0.20921549878487972,-1,0
931,14.52997546487949,2308,1.6880108001491807,0.13185858450507998,-1,1
932,61.65882489653092,4515,-0.2429502013617211,-1.8877034091556368,-1,0
933,60.070256072917076,3706,1.1675467012428011,-0.8244798546542269,1,1
934,91.68448497067267,1720,-1.9111805026471502,-0.4132374180295924,1,0
935,52.45148974748741,3673,-0.20328683580272783,-0.19564632445962546,1,0
936,70.90427269336762,6565,-0.16381325125910937,-1.0519028887768846,1,0
937,92.42578152725426,6942,-1.3186885965248796,0.23005151330582638,-1,0
938,97.06043478722407,4807,-0.5704154129894945,1.2821503929129099,1,0
939,73.96679075955414,9011,0.753858099558295,-0.9880990758457578,1,1
940,66.82243887861878,7392,-1.4766244232963082,2.4947239896139104,-1,0
941,62.84796152642838,6402,1.0531204241689938,-0.42952011375133053,1,1
942,60.176465660224004,3893,1.166771215279151,0.9378984290828659,-1,1
943,77.60361733494977,2842,0.2739146598147914,-0.376751412778026,1,1
944,8.65305144669722,5321,0.4297008616472233,-0.08381240354476828,-1,1
945,85.45771590920016,9289,0.0974810764087466,1.9239851751873835,1,1
946,58.691849112228354,8419,0.05926610346081857,1.0683864354630481,-1,1
947,70.14173552942123,2845,-0.6136635310779265,-0.06912767727410196,1,0
948,91.22750235768096,2559,1.5796426260506184,0.6456499287504068,-1,1
949,77.05050046888383,9748,-0.31574932145733603,0.5894111477586781,1,0
950,64.04561363599746,2370,1.0422352264636259,-0.7673885726514217,1,1
951,10.644023646595539,1592,-0.9141034624007206,2.324052920249442,-1,0
952,26.464898905389486,9107,-0.039969819407630995,1.2450858027904752,-1,0
953,35.08478641233408,6337,-0.632784733857357,-0.5002517989096575,-1,0
954,4.334687359379222,8816,-0.49945159762513014,-1.0595833630879339,1,0
955,5.29871183953799,9850,-0.21474433215102617,-1.6086948855441705,1,0
956,33.446924790049366,2346,-0.09291145769576427,0.5865606845587399,-1,0
957,34.18026614699426,3500,0.3218799584007291,-1.114767897658019,-1,1
958,87.2217568496272,3834,-0.5880543877870743,-1.0010847579843059,-1,0
959,18.771102748083532,2210,-0.1109520473449717,-1.8390468826991557,1,0
960,56.16621635897957,1266,0.7061159950420605,-0.5467916346658845,1,1
961,47.36016920253341,8591,-0.8424545882316871,-0.6845252261349851,-1,0
962,78.44079264924204,6498,1.4733744291333353,-1.3548020677557826,1,1
963,37.799389524570984,9871,-0.9988399995534746,-0.8718745683686826,-1,0
964,51.52516426869844,3281,-0.3833569805794486,2.592828982590459,-1,0
965,85.19697867812445,9074,-1.5300752952945114,-0.0007058899230407791,-1,0
966,84.89043693422647,9277,1.6789637576060357,-0.9927400427540005,-1,1
967,27.700244990351823,3156,0.5525752103907261,-0.13647563847869754,-1,1
968,32.72074304135858,2924,-0.4319730636908271,0.9872965773320032,-1,0
969,96.55939962308435,9780,0.30502446456214033,-0.7570666959100463,-1,1
970,48.69126370299472,9591,0.47535097044071656,-0.4292572661369468,1,1
971,84.32886175734386,6197,0.20059709854267307,0.32234396670264986,-1,1
972,6.939397750703886,8188,1.8739099366296221,-0.6582938873401403,1,1
973,48.41799425067554,9874,-1.0999878220719839,1.3510648586526142,-1,0
974,3.104778126811992,8078,2.0499962091141697,1.1746007028426086,-1,1
975,44.076448779354564,1109,-1.4047053233823774,0.42881074280274245,-1,0
976,57.289415545293075,9511,-3.238779266606243,-0.21768945910855522,-1,0
977,83.70424435512942,5391,0.2867845497571504,0.8935706011236058,-1,1
978,22.49418077983731,2284,-0.7138298509376164,0.8757869509586912,1,0
979,19.77671815531105,1589,1.0441815861054995,0.6462357993526554,1,1
980,61.62872242998691,3170,0.2394508475834807,0.5065504681351203,1,1
981,49.06481019421708,8707,-2.254945733316508,0.9941914335146609,1,0
982,89.07974024172862,2190,0.6371287228532364,0.5917556635715829,-1,1
983,66.79641657112039,6519,0.34026092511666783,-0.43347955724472187,1,1
984,28.306512511615487,9999,-0.37037765110284554,0.3337966816016128,1,0
985,49.55964333896355,7150,0.22419131271252313,0.13656318060635278,1,1
986,9.862505724150042,7703,-1.227703214912031,0.4441538797536144,1,0
987,59.11317401043162,7940,0.011762873557918514,0.07493738912497648,-1,0
988,82.05886539612858,6132,0.21790332927855124,2.5741713601019347,1,1
989,99.7822728410658,1802,0.5802827338512041,-0.6032015406874099,1,1
990,69.2165734203547,8009,-1.1180255816885964,-0.34133624317192157,-1,0
991,75.49872626242218,9727,-1.4115729961754837,-1.4969994903218191,-1,0
992,78.07569858571556,5966,0.6479145567563609,-0.512676118865457,1,1
993,32.04974308239102,6572,-0.3459234247619971,-0.7371652839227596,1,0
994,96.08734580230181,3535,0.6445935531605534,1.0723474889231486,-1,1
995,38.62524146886899,6238,0.8584008637121369,-0.9804754786644042,-1,1
996,97.12079762133271,6078,1.0715260786518943,-1.702970124447846,-1,1
997,80.01198272098094,9564,0.748385207900349,0.13015418664978404,-1,1
998,98.96770663089877,1248,0.8231711451992089,1.1528678899614324,-1,1
999,94.40234153384169,7994,-0.07712893927465866,-0.22530859547228227,1,0
1000,1.2006621889413949,2984,1.6841622910454512,-1.7073530055394859,1,1
